terminal_id,borough,zone
5636.13,Manhattan,Manhattan Community Board 3
4993.02,Manhattan,Whitehall
4713.01,Brooklyn,NONE
5669.1,Manhattan,Manhattan Community Board 3
5666.04,Brooklyn,Greenpoint
4821.1,Brooklyn,Dumbo
5569.07,Manhattan,Manhattan Community Board 2
7579.11,Manhattan,East Harlem
4962.08,Manhattan,Whitehall
5065.1,Manhattan,Whitehall
6416.06,Manhattan,Manhattan Community Board 4
6786.02,Manhattan,Clinton
6593.15,Manhattan,Manhattan Community Board 5
6089.11,Manhattan,Manhattan Community Board 6
4228.06,Brooklyn,NONE
6389.09,Manhattan,Manhattan Community Board 6
6541.03,Manhattan,Beekman
5847.01,Manhattan,Manhattan Community Board 2
3987.06,Brooklyn,NONE
7281.09,Manhattan,NONE
7463.09,Manhattan,Manhattan Community Board 11
7735.05,Manhattan,Manhattan Community Board 10
6303.01,Manhattan,Murray Hill
7744.06,The Bronx,Mott Haven
6251.06,Queens County,Sunnyside Gardens
4116.08,Brooklyn,Prospect Heights
7286.01,Manhattan,Manhattan Community Board 8
3696.05,Brooklyn,NONE
8655.02,Manhattan,Manhattan Community Board 12
5235.05,Brooklyn,NONE
5445.07,Manhattan,Lower East Side
6884.03,Manhattan,Manhattan Community Board 5
5755.09,Manhattan,Manhattan Community Board 2
6022.04,Manhattan,Manhattan Community Board 5
8472.08,The Bronx,Fordham
6809.09,Manhattan,NONE
7204.08,Manhattan,Manhattan Community Board 8
7212.05,Manhattan,Manhattan Community Board 8
4125.07,Brooklyn,NONE
6575.03,Manhattan,Beekman
5752.09,Brooklyn,Greenpoint
4824.03,Brooklyn,NONE
5509.02,Manhattan,Manhattan Community Board 1
4818.03,Brooklyn,NONE
6498.1,Manhattan,Beekman
5294.04,Manhattan,Lower East Side
6554.05,Queens County,Sunnyside Gardens
6700.01,Manhattan,Manhattan Community Board 5
8198.05,The Bronx,High Bridge
6659.1,Manhattan,Manhattan Community Board 5
7111.1,Queens County,Steinway
5279.03,Manhattan,Manhattan Community Board 1
7611.02,Manhattan,East Harlem
6812.06,Queens County,NONE
7432.09,Manhattan,Manhattan Community Board 7
3408.05,Brooklyn,NONE
6323.04,Queens County,Jackson Heights
4016.03,Brooklyn,Eastern Parkway
5470.02,Manhattan,Manhattan Community Board 1
6551.11,Manhattan,Midtown East
5914.08,Manhattan,Manhattan Community Board 2
6691.11,Manhattan,Sutton
7974.01,The Bronx,Bronx County
4945.06,Queens,Ridgewood
4587.02,Brooklyn,NONE
5159.04,Manhattan,Manhattan Community Board 3
5164.05,Brooklyn,NONE
8226.06,Manhattan,Manhattan Community Board 12
7271.01,Queens County,Astoria
7688.12,Manhattan,Manhattan Community Board 10
7658.13,Manhattan,Manhattan Community Board 10
5679.05,Manhattan,Manhattan Community Board 2
4175.15,Brooklyn,NONE
5470.1,Manhattan,Manhattan Community Board 1
6593.14,Manhattan,NONE
4246.02,Brooklyn,Bedford-Stuyvesant
3359.01,Brooklyn,NONE
5267.08,Brooklyn,NONE
7210.07,Queens County,NONE
7528.31,Manhattan,Manhattan Community Board 11
6225.03,Queens County,Woodside
5123.07,Brooklyn,NONE
6110.01,Queens County,Sunnyside
3739.06,Brooklyn,South Slope
5847.08,Manhattan,Manhattan Community Board 2
4446.05,Brooklyn,NONE
5270.08,Manhattan,Manhattan Community Board 3
7020.02,Manhattan,Lenox Hill
5602.06,Manhattan,Manhattan Community Board 2
4266.03,Brooklyn,Cobble Hill
6460.06,Queens County,Woodside
7823.03,Manhattan,Manhattanville
4645.04,Brooklyn,NONE
5262.09,Manhattan,Lower East Side
7126.01,Queens County,Astoria
4781.05,Brooklyn,Dumbo
6307.07,Queens County,Woodside
3199.01,Brooklyn,NONE
5703.13,Manhattan,Alphabet City
6759.15,Queens County,Ravenswood
7655.22,Manhattan,Manhattan Community Board 10
7753.13,Manhattan,Manhattan Community Board 10
8535.01,The Bronx,University Heights
5422.09,Manhattan,Manhattan Community Board 2
4637.06,Brooklyn,NONE
6904.06,Manhattan,Manhattan Community Board 8
6306.01,Manhattan,Manhattan Community Board 4
6920.03,Manhattan,Clinton
6611.07,Manhattan,Manhattan Community Board 4
3905.15,Brooklyn,NONE
7450.05,Manhattan,East Harlem
8478.11,The Bronx,Fordham
4010.15,Brooklyn,NONE
3651.04,Brooklyn,NONE
5626.15,Manhattan,Manhattan Community Board 3
7388.1,Manhattan,NONE
4895.09,Brooklyn,Dumbo
4455.1,Brooklyn,Cobble Hill
6158.02,Queens County,Woodside
4864.09,Brooklyn,NONE
5359.1,Manhattan,Manhattan Community Board 1
4689.03,Brooklyn,NONE
6313.1,Manhattan,Manhattan Community Board 6
5947.04,Manhattan,Manhattan Community Board 2
5500.07,Manhattan,Manhattan Community Board 2
4413.08,Brooklyn,Cobble Hill
5270.05,Manhattan,Manhattan Community Board 3
4531.05,Brooklyn,NONE
7903.02,Manhattan,Manhattanville
6432.1,Manhattan,Manhattan Community Board 5
5989.02,Manhattan,Manhattan Community Board 4
5303.08,Manhattan,Manhattan Community Board 3
6830.02,Manhattan,Manhattan Community Board 8
5997.1,Manhattan,Manhattan Community Board 2
7100.07,Manhattan,Manhattan Community Board 8
4729.01,Brooklyn,NONE
3874.01,Brooklyn,NONE
6762.02,Manhattan,Sutton
5359.12,Manhattan,Manhattan Community Board 1
8049.1,Manhattan,Manhattan Community Board 9
7311.02,Manhattan,Manhattan Community Board 7
6809.07,Manhattan,Manhattan Community Board 5
4645.09,Brooklyn,NONE
7701.21,Manhattan,Manhattan Community Board 11
7354.01,Manhattan,Manhattan Community Board 7
5896.01,Manhattan,Gramercy
7643.18,Manhattan,Manhattan Community Board 10
5484.09,Manhattan,Manhattan Community Board 3
7409.04,Manhattan,NONE
8635.08,The Bronx,Bedford Park
7453.01,Manhattan,NONE
8005.03,The Bronx,Bronx County
6638.01,Queens County,Sunnyside Gardens
6850.01,Queens County,NONE
5610.09,Manhattan,Manhattan Community Board 2
5558.04,Brooklyn,Greenpoint
5411.08,Brooklyn,Greenpoint
7484.05,Manhattan,NONE
7842.16,Manhattan,Manhattan Community Board 9
7382.04,Manhattan,Manhattan Community Board 7
8639.01,The Bronx,Kingsbridge Heights
4386.05,Brooklyn,NONE
4187.04,Brooklyn,NONE
6173.08,Manhattan,Flatiron District
6572.08,Queens County,Ravenswood
4781.03,Brooklyn,Dumbo
6157.04,Manhattan,Manhattan Community Board 2
6901.01,Queens County,Astoria
8103.05,The Bronx,Morrisania
8163.05,The Bronx,Charlotte Gardens
4954.07,Kings County,NONE
4166.08,Brooklyn,NONE
6233.05,Manhattan,Manhattan Community Board 4
5721.14,Manhattan,University Village
6560.15,Manhattan,Garment District
6230.04,Manhattan,Murray Hill
3704.04,Brooklyn,NONE
5190.07,Manhattan,Manhattan Community Board 3
4437.09,Brooklyn,NONE
8141.05,The Bronx,Melrose
7886.02,Manhattan,Manhattanville
6578.01,Manhattan,Hudson Yards
7995.04,The Bronx,Melrose
6896.16,Manhattan,Manhattan Community Board 8
6636.04,Queens County,Jackson Heights
4119.04,Brooklyn,Carroll Gardens
5755.14,Manhattan,NONE
5721.01,Manhattan,Manhattan Community Board 2
6611.02,Manhattan,Manhattan Community Board 4
6762.04,Manhattan,Manhattan Community Board 8
8160.03,The Bronx,Bronx County
4861.05,Brooklyn,NONE
4455.11,Brooklyn,Cobble Hill
7832.04,Manhattan,NONE
6955.05,Manhattan,Clinton
7014.12,Manhattan,Manhattan Community Board 7
6998.08,Manhattan,NONE
7023.04,Manhattan,Clinton
6560.01,Manhattan,Manhattan Community Board 5
4101.17,Brooklyn,NONE
7587.16,Manhattan,Manhattan Community Board 10
4488.08,Brooklyn,NONE
3993.03,Brooklyn,NONE
5938.01,Manhattan,Gramercy
4380.08,Brooklyn,Cobble Hill
4683.02,Brooklyn,Clinton Hill
8269.01,The Bronx,Morris Heights
5863.07,Manhattan,Manhattan Community Board 6
6464.09,Manhattan,Beekman
6098.02,Manhattan,Manhattan Community Board 5
5712.12,Manhattan,Manhattan Community Board 3
5096.12,Manhattan,Manhattan Community Board 1
6148.02,Manhattan,Manhattan Community Board 4
6450.05,Manhattan,Manhattan Community Board 4
8500.01,The Bronx,University Heights
7704.04,Manhattan,Manhattan Community Board 10
7667.04,Manhattan,Manhattan Community Board 11
4461.04,Brooklyn,Clinton Hill
4157.1,Brooklyn,Prospect Heights
5156.05,Brooklyn,NONE
7860.08,Manhattan,Manhattan Community Board 9
6297.07,Manhattan,Manhattan Community Board 4
7720.03,Manhattan,Manhattan Community Board 10
6532.06,Manhattan,Beekman
5980.07,Manhattan,Manhattan Community Board 5
3628.11,Brooklyn,South Slope
6709.05,Queens County,East Elmhurst
4807.02,Queens County,Ridgewood
6538.11,Queens County,Ravenswood
3312.07,Brooklyn,NONE
4903.08,Brooklyn,Dumbo
6847.05,Manhattan,Manhattan Community Board 5
7865.09,Manhattan,Manhattanville
7365.08,Manhattan,Manhattan Community Board 11
7682.01,Manhattan,Manhattan Community Board 11
5342.1,Manhattan,Manhattan Community Board 3
5872.1,Manhattan,University Village
7640.04,Manhattan,East Harlem
7458.03,Manhattan,Manhattan Community Board 7
6535.04,Manhattan,Chelsea District
7599.09,Manhattan,Manhattan Community Board 11
6364.1,Manhattan,Theater District
7524.16,Manhattan,NONE
3344.02,Brooklyn,Kensington
7652.04,Manhattan,Manhattan Community Board 11
6753.08,Manhattan,Manhattan Community Board 8
5492.05,Manhattan,Manhattan Community Board 2
6107.08,Manhattan,Manhattan Community Board 4
4028.04,Brooklyn,NONE
6224.03,Manhattan,Manhattan Community Board 4
8108.02,Manhattan,Manhattan Community Board 9
6200.03,Queens County,Woodside
4128.08,Brooklyn,Red Hook
7803.08,The Bronx,Mott Haven
5769.06,Manhattan,Manhattan Community Board 6
5569.06,Manhattan,Manhattan Community Board 2
5470.12,Manhattan,Manhattan Community Board 1
6718.02,Queens County,Jackson Heights
4611.03,Brooklyn,Clinton Hill
5788.16,Manhattan,Manhattan Community Board 3
3978.13,Brooklyn,NONE
5326.06,Manhattan,Lower East Side
6030.06,Manhattan,Manhattan Community Board 4
6266.06,Manhattan,Manhattan Community Board 4
6569.09,Manhattan,Manhattan Community Board 4
6798.01,Queens County,Ravenswood
6122.09,Manhattan,Manhattan Community Board 6
4217.02,Brooklyn,Gowanus
6981.16,Queens County,Steinway
6322.01,Manhattan,Manhattan Community Board 5
6608.09,Manhattan,Sutton
6626.11,Manhattan,Manhattan Community Board 5
7284.01,Queens County,Steinway
5219.05,Brooklyn,Greenpoint
5964.01,Manhattan,Manhattan Community Board 2
7314.03,Queens County,NONE
4416.1,Brooklyn,NONE
6629.06,Queens County,Sunnyside Gardens
3385.06,Brooklyn,Kensington
4345.11,Brooklyn,Clinton Hill
5886.13,Manhattan,Manhattan Community Board 6
5971.09,Manhattan,Gramercy
5788.13,Manhattan,Manhattan Community Board 2
4853.06,Brooklyn,Dumbo
3593.1,Brooklyn,NONE
6185.04,Queens County,Sunnyside
7288.04,Manhattan,NONE
3520.01,Brooklyn,NONE
6584.12,Manhattan,Manhattan Community Board 5
6197.02,Manhattan,Manhattan Community Board 6
6839.04,Manhattan,Manhattan Community Board 5
6339.06,Manhattan,Manhattan Community Board 4
6659.09,Manhattan,Manhattan Community Board 5
3504.02,Brooklyn,Crown Heights
6459.07,Manhattan,Chelsea District
5368.03,Manhattan,Manhattan Community Board 1
4812.04,Brooklyn,NONE
4172.04,Brooklyn,Bedford-Stuyvesant
6373.07,Manhattan,Chelsea
4732.04,Brooklyn,NONE
4987.06,Brooklyn,NONE
7119.04,Queens County,NONE
6927.03,Queens County,Steinway
5929.01,Manhattan,Manhattan Community Board 6
3090.06,Brooklyn,Kensington
4724.03,Brooklyn,Clinton Hill
8069.01,Manhattan,Manhattan Community Board 9
4665.02,Brooklyn,NONE
6602.03,Manhattan,Manhattan Community Board 5
4968.03,Brooklyn,Dumbo
6779.05,Manhattan,Manhattan Community Board 5
3762.08,Brooklyn,NONE
3480.04,Brooklyn,NONE
5712.03,Manhattan,Manhattan Community Board 3
5584.05,Manhattan,Alphabet City
4993.13,Manhattan,Whitehall
5351.03,Manhattan,Manhattan Community Board 3
5653.12,Manhattan,Manhattan Community Board 2
7436.11,Manhattan,Manhattan Community Board 11
5025.02,Queens County,Ridgewood
5797.01,Manhattan,University Village
7323.09,Manhattan,Manhattan Community Board 8
4565.07,Brooklyn,NONE
3887.03,Brooklyn,NONE
5445.02,Manhattan,Manhattan Community Board 3
6382.05,Manhattan,Manhattan Community Board 4
8605.06,The Bronx,Kingsbridge Heights
7253.04,Manhattan,Manhattan Community Board 7
6756.01,Manhattan,Clinton
3157.08,Brooklyn,Kensington
6723.1,Manhattan,Sutton
6422.09,Manhattan,Beekman
6131.12,Manhattan,Flatiron District
3611.02,Brooklyn,NONE
6822.09,Manhattan,Manhattan Community Board 8
6824.07,Manhattan,Clinton
5359.13,Manhattan,Manhattan Community Board 1
4628.07,Brooklyn,Brooklyn Navy Yard
3180.02,Brooklyn,NONE
7618.01,Manhattan,Manhattan Community Board 11
5340.01,Brooklyn,NONE
4762.04,Brooklyn,Brooklyn Navy Yard
3547.04,Brooklyn,NONE
7781.1,The Bronx,Mott Haven
5579.04,Queens County,Maspeth
6848.04,Queens County,NONE
7386.1,Manhattan,Manhattan Community Board 11
7716.19,Manhattan,East Harlem
5406.04,Manhattan,Lower East Side
8242.04,Manhattan,Manhattan Community Board 12
4278.03,Brooklyn,Bedford-Stuyvesant
8171.06,The Bronx,Bronx County
8319.01,The Bronx,Tremont
6248.06,Manhattan,Manhattan Community Board 5
3958.02,Brooklyn,Eastern Parkway
6185.07,Queens County,Sunnyside
7879.01,The Bronx,Bronx County
3625.07,Brooklyn,NONE
6726.01,Manhattan,Clinton
4072.02,Brooklyn,NONE
4479.06,Brooklyn,NONE
6212.04,Queens County,Hunters Point
7003.06,Queens County,Astoria
7144.02,Queens County,Steinway
6089.07,Manhattan,Manhattan Community Board 6
7670.09,Manhattan,Manhattan Community Board 10
7235.13,Manhattan,Manhattan Community Board 8
6953.08,Manhattan,Lenox Hill
4971.01,Brooklyn,NONE
7937.15,Manhattan,Manhattan Community Board 9
6464.08,Manhattan,Beekman
8766.03,The Bronx,Bedford Park
8278.05,Manhattan,Manhattan Community Board 12
5382.07,Manhattan,Manhattan Community Board 3
6215.07,Manhattan,Manhattan Community Board 5
6224.06,Manhattan,Manhattan Community Board 4
8428.04,The Bronx,Morris Heights
3928.08,Brooklyn,Prospect Heights
6462.05,Queens County,Queensbridge
4122.03,Brooklyn,Bedford-Stuyvesant
4931.05,Brooklyn,NONE
3665.06,Brooklyn,Crown Heights
6247.06,Manhattan,Chelsea
7818.17,Manhattan,Manhattan Community Board 9
7617.07,Manhattan,NONE
6098.12,Manhattan,Flatiron District
5436.11,Manhattan,Lower East Side
5902.07,Brooklyn,NONE
7595.17,Manhattan,Bloomingdale
7344.05,Manhattan,Carnegie Hill
5374.01,Manhattan,Manhattan Community Board 3
5021.05,Brooklyn,NONE
5676.04,Brooklyn,Greenpoint
7669.1,The Bronx,Port Morris
7146.04,Manhattan,Manhattan Community Board 8
7502.01,Manhattan,Manhattan Community Board 7
6969.08,Manhattan,NONE
4816.05,Brooklyn,NONE
5998.09,Queens County,Woodside
6740.01,Manhattan,Manhattan Community Board 5
5550.05,Brooklyn,Greenpoint
5820.08,Manhattan,Manhattan Community Board 3
7456.03,Manhattan,Manhattan Community Board 11
7059.08,Manhattan,NONE
5210.01,Brooklyn,NONE
7132.08,Queens County,Astoria
5794.05,Brooklyn,NONE
5414.06,Manhattan,Manhattan Community Board 3
4419.03,Brooklyn,NONE
5561.04,Manhattan,Manhattan Community Board 2
6004.07,Manhattan,Manhattan Community Board 6
5746.02,Manhattan,Manhattan Community Board 3
3946.07,Brooklyn,NONE
6989.07,Queens County,Astoria
5944.01,Brooklyn,NONE
4962.02,Manhattan,Whitehall
5623.03,Brooklyn,Greenpoint
7121.13,Manhattan,Manhattan Community Board 8
5303.06,Manhattan,Manhattan Community Board 3
4889.06,Manhattan,Whitehall
4895.15,Brooklyn,Dumbo
5335.07,Manhattan,Manhattan Community Board 3
5730.08,Manhattan,Manhattan Community Board 2
4377.04,Brooklyn,Clinton Hill
6517.08,Manhattan,Theater District
6190.08,Manhattan,Manhattan Community Board 4
5977.01,Brooklyn,NONE
7123.04,Manhattan,NONE
5411.07,Brooklyn,Greenpoint
6816.07,Manhattan,Manhattan Community Board 4
8089.05,Manhattan,Manhattan Community Board 9
3919.07,Brooklyn,NONE
5581.01,Brooklyn,Greenpoint
8262.07,Manhattan,Manhattan Community Board 12
5175.08,Manhattan,Whitehall
4336.01,Brooklyn,Clinton Hill
5572.07,Brooklyn,NONE
7610.13,Manhattan,Bloomingdale
6932.14,Manhattan,Manhattan Community Board 8
7393.09,Manhattan,Manhattan Community Board 11
7713.11,Manhattan,Manhattan Community Board 9
4576.11,Brooklyn,NONE
5230.02,Manhattan,Manhattan Community Board 3
4715.01,Brooklyn,Clinton Hill
8005.08,The Bronx,Bronx County
6926.01,Manhattan,Clinton
5024.1,Manhattan,Whitehall
5348.02,Brooklyn,NONE
5216.04,Manhattan,Whitehall
5613.04,Brooklyn,NONE
4342.04,Brooklyn,Bedford-Stuyvesant
5045.05,Brooklyn,NONE
5125.03,Brooklyn,NONE
2984.04,Brooklyn,Kensington
5847.06,Manhattan,Manhattan Community Board 2
5442.05,Brooklyn,NONE
4903.09,Brooklyn,Dumbo
6782.01,Queens County,NONE
6617.09,Manhattan,Sutton
6839.1,Manhattan,Manhattan Community Board 5
7634.01,Manhattan,Bloomingdale
8013.07,Manhattan,Manhattan Community Board 9
5476.03,Manhattan,Alphabet City
6137.04,Queens County,Hunters Point
6441.06,Manhattan,Garment District
5453.05,Manhattan,Manhattan Community Board 3
6700.14,Manhattan,Manhattan Community Board 5
6958.06,Queens County,Astoria
7161.08,Manhattan,NONE
8226.05,Manhattan,Manhattan Community Board 12
3865.05,Brooklyn,NONE
4255.05,Brooklyn,NONE
5709.03,Brooklyn,Greenpoint
8579.03,Manhattan,Manhattan Community Board 12
4214.03,Brooklyn,Bedford-Stuyvesant
6932.15,Manhattan,Manhattan Community Board 8
8665.09,Manhattan,Manhattan Community Board 12
4775.01,Brooklyn,NONE
5414.07,Manhattan,Manhattan Community Board 3
4461.01,Brooklyn,NONE
5453.06,Manhattan,Manhattan Community Board 2
7338.02,Manhattan,Manhattan Community Board 8
7680.03,Manhattan,Bloomingdale
6498.09,Manhattan,Beekman
6289.06,Manhattan,Midtown South
6079.03,Manhattan,Manhattan Community Board 6
4051.01,Brooklyn,NONE
7623.13,Manhattan,Bloomingdale
7265.1,Manhattan,Yorkville
7541.01,Manhattan,Manhattan Community Board 7
8356.04,The Bronx,Tremont
5379.09,Brooklyn,NONE
4354.07,Brooklyn,NONE
4060.09,Brooklyn,NONE
8344.09,The Bronx,Morris Heights
4965.01,Brooklyn,NONE
7286.05,Manhattan,Manhattan Community Board 8
5291.05,Brooklyn,NONE
6991.12,Manhattan,Lenox Hill
6801.01,Manhattan,Sutton
6197.08,Manhattan,Kips Bay
5027.02,Brooklyn,NONE
5238.05,Manhattan,Two Bridges
5365.02,Manhattan,Lower East Side
7365.13,Manhattan,Manhattan Community Board 8
8394.15,Manhattan,Manhattan Community Board 12
4721.01,Brooklyn,NONE
4228.02,Brooklyn,Bedford-Stuyvesant
4608.01,Brooklyn,NONE
8432.11,Manhattan,Fort George
8664.06,The Bronx,Bedford Park
4290.06,Kings County,Gowanus
4249.1,Brooklyn,NONE
5666.11,Brooklyn,Greenpoint
4979.07,Brooklyn,NONE
4281.08,Brooklyn,NONE
4898.02,Brooklyn,NONE
4680.05,Brooklyn,NONE
5105.01,Manhattan,Whitehall
8254.01,The Bronx,High Bridge
6331.01,Manhattan,Chelsea
5187.03,Brooklyn,NONE
7432.04,Manhattan,Manhattan Community Board 7
6115.09,Manhattan,Chelsea District
5198.04,Manhattan,Manhattan Community Board 3
4317.05,Brooklyn,Broadway Junction
4939.07,Brooklyn,NONE
5433.04,Brooklyn,NONE
6860.12,Manhattan,Manhattan Community Board 8
6345.08,Manhattan,Manhattan Community Board 6
5826.02,Brooklyn,NONE
6659.01,Manhattan,Beekman
4010.13,Brooklyn,NONE
7149.05,Manhattan,NONE
6310.06,Queens County,Court Square
5584.04,Manhattan,Alphabet City
6306.06,Manhattan,Manhattan Community Board 4
8044.09,The Bronx,Bronx County
6297.08,Manhattan,Manhattan Community Board 4
5659.05,Manhattan,Alphabet City
6602.05,Manhattan,Hell's Kitchen
5755.01,Manhattan,University Village
3722.04,Brooklyn,NONE
8358.1,Manhattan,Hudson Heights
4368.05,Brooklyn,Clinton Hill
5270.09,Manhattan,Chinatown
4319.07,Brooklyn,Bedford-Stuyvesant
6143.05,Queens County,Sunnyside
7738.04,Manhattan,Manhattan Community Board 10
7291.06,Queens County,NONE
8122.04,The Bronx,Morrisania
4993.15,Manhattan,Whitehall
8084.03,The Bronx,Morrisania
5114.08,Manhattan,Manhattan Community Board 1
2883.03,Brooklyn,NONE
6662.09,Queens County,NONE
4175.14,Brooklyn,NONE
6817.15,Queens County,NONE
7814.01,Manhattan,NONE
4654.01,Queens County,Ridgewood
8303.06,The Bronx,Tremont
8068.01,The Bronx,Morrisania
8323.05,The Bronx,Tremont
8734.02,The Bronx,Bedford Park
5736.09,Manhattan,Alphabet City
6645.06,Queens County,Jackson Heights
8048.01,The Bronx,Morrisania
7893.05,Manhattan,NONE
8229.04,The Bronx,Bronx County
8133.08,The Bronx,Charlotte Gardens
8336.02,Manhattan,Manhattan Community Board 12
4620.02,Brooklyn,NONE
6365.1,Queens County,Jackson Heights
6495.17,Queens County,NONE
4977.03,Queens County,Fresh Pond Junction
4623.02,Brooklyn,NONE
4546.05,Brooklyn,NONE
4812.02,Brooklyn,Brooklyn Navy Yard
8748.02,The Bronx,Bedford Park
5288.12,Manhattan,Manhattan Community Board 1
4089.01,Brooklyn,Eastern Parkway
8081.01,The Bronx,Bronx County
6064.08,Manhattan,Manhattan Community Board 5
5001.08,Manhattan,Manhattan Community Board 1
5430.08,Manhattan,Manhattan Community Board 1
5593.04,Manhattan,Manhattan Community Board 3
5788.12,Manhattan,Manhattan Community Board 3
7196.04,Queens County,Steinway
6943.07,Queens County,NONE
6644.07,Manhattan,Clinton
8778.01,The Bronx,Bedford Park
5430.1,Manhattan,Manhattan Community Board 1
8225.05,The Bronx,Bronx County
8344.04,The Bronx,Morris Heights
7159.08,Queens County,Astoria
5669.12,Manhattan,Manhattan Community Board 3
6708.04,Manhattan,Manhattan Community Board 5
5184.08,Manhattan,Manhattan Community Board 1
7619.05,Manhattan,Bloomingdale
7188.1,Manhattan,Manhattan Community Board 8
7520.07,Manhattan,Manhattan Community Board 7
7188.13,Manhattan,Manhattan Community Board 8
7116.04,Manhattan,NONE
7079.06,Manhattan,Manhattan Community Board 7
6890.01,Manhattan,Clinton
5687.04,Manhattan,University Village
5578.02,Manhattan,Manhattan Community Board 1
4042.08,Brooklyn,Prospect Heights
7636.05,Manhattan,East Harlem
6570.06,Queens County,NONE
6332.06,Queens County,Jackson Heights
6569.07,Manhattan,Manhattan Community Board 4
6621.06,Queens County,NONE
5403.04,Brooklyn,Greenpoint
5696.03,Manhattan,Manhattan Community Board 2
5195.06,Brooklyn,NONE
5065.14,Manhattan,Whitehall
6089.08,Manhattan,Manhattan Community Board 5
7141.07,Manhattan,Manhattan Community Board 7
5329.08,Manhattan,Manhattan Community Board 1
6923.2,Queens County,Astoria
4479.1,Brooklyn,NONE
5938.11,Manhattan,Manhattan Community Board 5
4847.03,Brooklyn,NONE
4107.13,Brooklyn,NONE
6765.01,Manhattan,Hudson Yards
8194.07,The Bronx,Bronx County
6072.16,Manhattan,Manhattan Community Board 2
8036.05,The Bronx,Melrose
5308.04,Brooklyn,NONE
6951.03,Queens County,NONE
7662.13,Manhattan,East Harlem
5515.02,Manhattan,Alphabet City
3233.06,Brooklyn,NONE
5805.07,Manhattan,University Village
6614.01,Queens County,Court Square
3660.07,Brooklyn,NONE
5422.04,Manhattan,Manhattan Community Board 2
7883.06,The Bronx,Hunts Point
7837.3,Manhattan,NONE
5137.13,Manhattan,Whitehall
7311.07,Manhattan,NONE
6325.01,Queens County,Sunnyside Gardens
6740.1,Manhattan,Manhattan Community Board 5
3431.02,Brooklyn,NONE
5763.03,Manhattan,University Village
7580.01,Manhattan,Bloomingdale
6451.07,Queens County,Jackson Heights
8156.03,The Bronx,Morrisania
7692.11,Manhattan,Manhattan Community Board 9
6209.05,Queens County,Sunnyside Gardens
5074.08,Queens County,Ridgewood
7128.08,Manhattan,NONE
4912.1,Queens County,Ridgewood
3507.04,Brooklyn,NONE
8107.1,The Bronx,Melrose
7039.03,Queens County,Steinway
6642.08,Queens County,East Elmhurst
7524.09,Manhattan,Manhattan Community Board 7
7727.08,Manhattan,Manhattan Community Board 9
6750.16,Queens County,NONE
5002.09,Queens,Ridgewood
6676.02,Manhattan,Clinton
7577.27,Manhattan,Bloomingdale
6644.08,Manhattan,Manhattan Community Board 4
8048.04,The Bronx,Morrisania
6441.01,Manhattan,Garment District
5545.01,Manhattan,Alphabet City
5561.06,Manhattan,Manhattan Community Board 2
4010.01,Brooklyn,Prospect Heights
5746.14,Manhattan,Manhattan Community Board 3
5779.11,Manhattan,Alphabet City
5500.02,Manhattan,Manhattan Community Board 2
7959.18,Manhattan,Manhattan Community Board 9
2733.03,Brooklyn,Bay Ridge
8021.11,The Bronx,Bronx County
6215.04,Manhattan,Manhattan Community Board 5
7685.14,Manhattan,Manhattan Community Board 11
4199.13,Brooklyn,Prospect Heights
8711.02,The Bronx,Kingsbridge Heights
7538.18,Manhattan,Manhattan Community Board 7
4936.21,Brooklyn,Dumbo
4632.1,Brooklyn,NONE
6795.01,Manhattan,Clinton
7774.02,Manhattan,Manhattan Community Board 10
5382.06,Manhattan,Manhattan Community Board 2
5955.12,Manhattan,Manhattan Community Board 2
6398.06,Manhattan,Manhattan Community Board 5
4371.01,Brooklyn,Cobble Hill
3728.05,Brooklyn,Crown Heights
5515.08,Manhattan,Alphabet City
4614.04,Brooklyn,Columbia Street Waterfront District
4146.02,Brooklyn,NONE
6417.11,Queens County,Woodside
5860.02,Brooklyn,NONE
4446.03,Brooklyn,NONE
6319.01,Queens County,NONE
6905.02,Queens County,East Elmhurst
4895.03,Brooklyn,Dumbo
6585.11,Queens County,East Elmhurst
4458.06,Brooklyn,Bedford-Stuyvesant
5838.09,Manhattan,University Village
3831.03,Brooklyn,Crown Heights
5626.07,Manhattan,Manhattan Community Board 3
3579.04,Brooklyn,NONE
5785.05,Brooklyn,NONE
5914.03,Manhattan,Manhattan Community Board 2
5235.1,Brooklyn,NONE
2932.03,Brooklyn,Bay Ridge
7788.13,The Bronx,Bronx County
5090.06,Brooklyn,NONE
2832.03,Brooklyn,Bay Ridge
3294.03,Brooklyn,NONE
4054.02,Brooklyn,Red Hook
6774.13,Queens County,NONE
6561.01,Queens County,Jackson Heights
7009.02,Queens County,Steinway
3731.11,Brooklyn,NONE
5117.05,Brooklyn,NONE
5137.1,Manhattan,Whitehall
8453.14,Manhattan,Manhattan Community Board 12
4494.04,Brooklyn,Clinton Hill
5388.01,Brooklyn,NONE
8399.06,Manhattan,Hudson Heights
5458.02,Brooklyn,NONE
7777.02,The Bronx,Mott Haven
5489.06,Brooklyn,NONE
5905.14,Manhattan,Manhattan Community Board 2
6889.12,Manhattan,Lenox Hill
4914.03,Brooklyn,NONE
4476.03,Brooklyn,Bedford-Stuyvesant
5332.1,Brooklyn,NONE
6115.06,Manhattan,Manhattan Community Board 2
4543.07,Brooklyn,Bedford-Stuyvesant
5501.06,Queens County,NONE
3420.01,Brooklyn,NONE
7967.04,The Bronx,Bronx County
3544.02,Brooklyn,NONE
4392.04,Brooklyn,Bedford-Stuyvesant
4208.01,Brooklyn,NONE
3359.03,Brooklyn,NONE
6425.04,Manhattan,Manhattan Community Board 4
7504.18,Manhattan,Manhattan Community Board 11
6203.02,Queens County,NONE
6242.1,Queens County,Sunnyside Gardens
5779.1,Manhattan,Manhattan Community Board 6
5137.11,Manhattan,Whitehall
7800.03,Manhattan,Manhattan Community Board 9
4212.01,Brooklyn,Ocean Hill
4829.01,Brooklyn,Dumbo
4843.01,Brooklyn,NONE
3246.06,Brooklyn,NONE
6493.03,Queens County,NONE
8699.01,The Bronx,Bedford Park
3845.05,Brooklyn,NONE
4510.04,Brooklyn,Bedford-Stuyvesant
6191.06,Queens County,Woodside
8123.02,Manhattan,Manhattan Community Board 12
5403.05,Brooklyn,NONE
6030.04,Manhattan,Manhattan Community Board 2
6179.07,Queens County,Hunters Point
6605.08,Queens County,NONE
5553.1,Manhattan,Alphabet City
3125.09,Brooklyn,Kensington
8167.02,The Bronx,Charlotte Gardens
5506.14,Manhattan,East Village
8582.09,The Bronx,Belmont
4395.07,Brooklyn,NONE
4837.03,Queens County,Ridgewood
5575.08,Manhattan,East Village
6298.04,Queens County,NONE
7983.04,The Bronx,Bronx County
6374.05,Queens County,NONE
3555.04,Brooklyn,South Slope
8566.05,The Bronx,Fordham
5880.02,Manhattan,Manhattan Community Board 2
5545.04,Manhattan,Alphabet City
6319.07,Queens County,NONE
8085.05,Manhattan,Manhattan Community Board 9
6996.01,Queens County,Astoria
8186.01,The Bronx,Charlotte Gardens
4452.01,Brooklyn,Clinton Hill
5099.02,Brooklyn,NONE
4759.02,Brooklyn,NONE
3113.06,Brooklyn,Kensington
6735.03,Queens County,NONE
5406.02,Manhattan,Lower East Side
4546.04,Brooklyn,NONE
4441.06,Brooklyn,NONE
4354.05,Brooklyn,NONE
4055.04,Brooklyn,Ocean Hill
7942.07,Manhattan,Manhattan Community Board 9
8236.01,The Bronx,East Tremont
5267.09,Brooklyn,NONE
5159.07,Manhattan,Manhattan Community Board 3
6887.03,Queens County,NONE
7342.01,Queens County,Steinway
5450.04,Brooklyn,Greenpoint
7082.08,Queens County,Steinway
5788.15,Manhattan,Manhattan Community Board 2
7759.08,The Bronx,Mott Haven
4031.05,Brooklyn,Ocean Hill
5616.01,Manhattan,Alphabet City
4428.02,Brooklyn,NONE
5489.04,Brooklyn,Greenpoint
4519.02,Brooklyn,Bedford-Stuyvesant
6422.08,Manhattan,Beekman
4001.09,Brooklyn,Prospect Heights
6492.04,Manhattan,Hudson Yards
5259.06,Brooklyn,NONE
6046.02,Manhattan,Manhattan Community Board 6
5553.03,Manhattan,Manhattan Community Board 3
7018.01,Queens County,Steinway
4687.03,Queens County,Ridgewood
4743.04,Brooklyn,NONE
7183.03,Manhattan,NONE
5225.02,Queens County,Ridgewood
8299.03,Manhattan,Hudson Heights
6929.01,Queens County,Astoria
4154.02,Brooklyn,NONE
7783.18,Manhattan,Morningside Heights
6587.04,Queens County,NONE
4199.12,Brooklyn,Prospect Heights
5036.06,Brooklyn,NONE
4804.02,Brooklyn,NONE
3523.06,Brooklyn,South Slope
7722.06,The Bronx,Mott Haven
8416.07,Manhattan,Fort George
8707.01,The Bronx,Bedford Park
7756.1,Manhattan,Manhattan Community Board 10
6599.01,Manhattan,Roosevelt Island
7981.16,Manhattan,Manhattan Community Board 9
5540.06,Queens County,Maspeth
8033.09,The Bronx,Melrose
3862.07,Brooklyn,Eastern Parkway
3223.07,Brooklyn,NONE
8472.06,The Bronx,Fordham
4663.06,Brooklyn,NONE
3984.02,Brooklyn,Eastern Parkway
4756.04,Brooklyn,Dumbo
7979.17,The Bronx,Bronx County
4821.06,Brooklyn,Dumbo
6617.02,Manhattan,Sutton
6286.02,Queens County,NONE
6019.04,Brooklyn,NONE
4801.04,Brooklyn,NONE
4748.07,Brooklyn,NONE
7898.03,Manhattan,Manhattan Community Board 10
8348.02,The Bronx,Morris Heights
7812.01,The Bronx,Bronx County
8307.05,The Bronx,Morris Heights
5134.09,Brooklyn,NONE
4789.03,Brooklyn,NONE
7845.06,The Bronx,Bronx County
6594.02,Queens County,Jackson Heights
6670.03,Queens County,Sunnyside Gardens
6505.09,Queens County,Queensbridge
6650.07,Manhattan,Sutton
8018.09,Manhattan,Manhattan Community Board 9
7511.19,Manhattan,Manhattan Community Board 11
8157.06,Manhattan,Manhattan Community Board 12
3759.07,Brooklyn,Crown Heights
4425.02,Brooklyn,Bedford-Stuyvesant
4474.01,Brooklyn,NONE
4222.02,Brooklyn,NONE
7340.06,Manhattan,NONE
5068.02,Brooklyn,NONE
8118.02,The Bronx,Morrisania
4169.04,Brooklyn,Red Hook
8362.02,The Bronx,Tremont
6140.05,Manhattan,Manhattan Community Board 4
7920.05,Manhattan,Columbus Circle
4519.04,Brooklyn,NONE
8543.01,Manhattan,Manhattan Community Board 12
6004.06,Manhattan,Manhattan Community Board 6
8579.05,Manhattan,Manhattan Community Board 12
5108.01,Brooklyn,NONE
7913.15,The Bronx,Melrose
5409.02,Queens County,Maspeth
5450.01,Brooklyn,NONE
5323.06,Brooklyn,NONE
8381.04,Manhattan,Hudson Heights
7243.04,Manhattan,Manhattan Community Board 8
5854.09,Manhattan,Manhattan Community Board 6
6679.11,Queens County,Sunnyside Gardens
7626.02,The Bronx,Port Morris
4077.07,Brooklyn,Carroll Gardens
8616.06,Manhattan,Manhattan Community Board 12
3538.09,Brooklyn,NONE
5442.09,Brooklyn,Greenpoint
4927.04,Brooklyn,Dumbo
3007.05,Brooklyn,NONE
6551.02,Manhattan,Manhattan Community Board 5
3376.02,Brooklyn,NONE
6960.1,Manhattan,Manhattan Community Board 8
5241.02,Brooklyn,NONE
4732.08,Brooklyn,NONE
7840.11,The Bronx,Mott Haven
7997.08,Manhattan,Hamilton Heights
8249.1,The Bronx,Tremont
7932.1,Manhattan,NONE
7976.08,Manhattan,NONE
7909.07,The Bronx,Bronx County
7579.01,Manhattan,East Harlem
5066.03,Queens County,Ridgewood
6915.02,Queens County,Steinway
7793.02,The Bronx,Melrose
5148.03,Brooklyn,Greenpoint
6209.08,Queens County,Sunnyside Gardens
8586.09,The Bronx,Fordham
5503.01,Brooklyn,NONE
5453.01,Manhattan,Manhattan Community Board 3
7059.01,Manhattan,Clinton
5779.08,Manhattan,Manhattan Community Board 6
5178.06,Brooklyn,NONE
3902.06,Brooklyn,Crown Heights
7855.03,Manhattan,NONE
4190.06,Brooklyn,Prospect Heights
5059.02,Brooklyn,NONE
6876.04,Manhattan,NONE
4850.04,Brooklyn,NONE
7971.07,Manhattan,NONE
6893.1,Queens County,Astoria
8054.04,Manhattan,Manhattan Community Board 9
2923.01,Brooklyn,NONE
7154.07,Manhattan,NONE
5018.06,Brooklyn,NONE
6490.02,Queens County,Corona
7650.05,Manhattan,Bloomingdale
5329.03,Manhattan,Manhattan Community Board 1
7840.05,The Bronx,Bronx County
4596.09,Brooklyn,NONE
6459.04,Manhattan,Manhattan Community Board 4
4634.02,Brooklyn,Clinton Hill
5250.05,Brooklyn,NONE
7646.04,Manhattan,Manhattan Community Board 9
6134.03,Queens County,Sunnyside Gardens
8016.07,The Bronx,Melrose
6072.06,Manhattan,Manhattan Community Board 2
6511.03,Queens County,Sunnyside Gardens
6618.02,Queens County,East Elmhurst
3931.09,Brooklyn,Red Hook
3169.07,Brooklyn,NONE
8676.01,The Bronx,Kingsbridge
6316.05,Queens County,Woodside
6399.06,Queens County,Jackson Heights
4322.06,Brooklyn,NONE
4483.1,Brooklyn,NONE
6857.09,Queens County,Astoria
8474.02,Manhattan,Fort George
3347.03,Brooklyn,NONE
8061.01,The Bronx,Bronx County
5922.07,Manhattan,Manhattan Community Board 2
5971.08,Manhattan,Gramercy
5983.04,Queens County,NONE
3532.02,Brooklyn,NONE
3460.01,Brooklyn,NONE
6435.02,Queens County,NONE
7391.02,Queens County,Steinway
4399.03,Brooklyn,NONE
2951.05,Kings County,Borough Park
5288.09,Manhattan,Manhattan Community Board 1
4568.01,Brooklyn,NONE
4285.09,Brooklyn,NONE
6016.06,Queens County,NONE
8356.02,The Bronx,Tremont
7858.02,The Bronx,Bronx County
5785.1,Brooklyn,NONE
6267.08,Queens County,Woodside
6819.15,Queens County,NONE
7052.01,Manhattan,NONE
5436.09,Manhattan,East Village
4956.02,Brooklyn,NONE
4628.05,Brooklyn,NONE
8494.06,The Bronx,Fordham
6682.03,Manhattan,Sutton
6468.01,Queens County,Woodside
4500.07,Brooklyn,Bedford-Stuyvesant
5051.02,Brooklyn,NONE
4013.08,Brooklyn,Red Hook
7414.17,Manhattan,Manhattan Community Board 11
3148.08,Brooklyn,NONE
6356.01,Queens County,NONE
5593.01,Manhattan,Manhattan Community Board 3
4217.06,Brooklyn,Gowanus
5300.05,Brooklyn,NONE
4637.07,Brooklyn,NONE
6039.06,Manhattan,Manhattan Community Board 2
5626.13,Manhattan,Manhattan Community Board 3
6937.07,Queens County,Astoria
4522.07,Brooklyn,NONE
7901.04,The Bronx,Bronx County
7712.04,The Bronx,Mott Haven
8060.01,The Bronx,Charlotte Gardens
7622.12,Manhattan,East Harlem
4348.07,Brooklyn,Columbia Street Waterfront District
7540.02,Manhattan,East Harlem
4095.1,Brooklyn,Red Hook
5125.07,Brooklyn,NONE
3847.04,Brooklyn,NONE
6667.04,Manhattan,Manhattan Community Board 5
6847.02,Manhattan,Manhattan Community Board 5
4890.11,Brooklyn,NONE
3552.09,Brooklyn,NONE
6526.01,Manhattan,Manhattan Community Board 5
6055.08,Manhattan,Flatiron District
5905.12,Manhattan,Manhattan Community Board 2
6912.01,Manhattan,Manhattan Community Board 5
4134.06,Brooklyn,NONE
7407.13,Manhattan,Manhattan Community Board 11
6364.07,Manhattan,Chelsea District
5391.06,Manhattan,Manhattan Community Board 1
7207.08,Manhattan,NONE
3668.04,Brooklyn,South Slope
6358.05,Queens County,Sunnyside Gardens
4437.01,Brooklyn,NONE
7602.05,Manhattan,Manhattan Community Board 10
5216.06,Manhattan,Manhattan Community Board 1
8213.01,The Bronx,Bronx County
7049.04,Manhattan,Manhattan Community Board 8
4659.02,Brooklyn,NONE
4846.01,Manhattan,Whitehall
3240.15,Brooklyn,NONE
3996.01,Brooklyn,Carroll Gardens
3087.01,Brooklyn,NONE
6747.07,Manhattan,Clinton
5051.01,Brooklyn,NONE
6879.04,Queens County,NONE
3376.04,Brooklyn,NONE
5204.05,Brooklyn,NONE
4526.01,Brooklyn,NONE
7260.09,Manhattan,NONE
4028.03,Brooklyn,Gowanus
4107.05,Brooklyn,NONE
6280.12,Manhattan,Manhattan Community Board 5
5400.05,Manhattan,Manhattan Community Board 1
3834.1,Brooklyn,NONE
4422.04,Brooklyn,Columbia Street Waterfront District
5679.08,Manhattan,University Village
4677.01,Brooklyn,NONE
5207.01,Manhattan,Manhattan Community Board 1
5523.02,Manhattan,Manhattan Community Board 3
7360.1,Manhattan,Manhattan Community Board 7
6224.05,Manhattan,Manhattan Community Board 4
4184.07,Brooklyn,Gowanus
3803.09,Brooklyn,NONE
6401.03,Queens County,Sunnyside Gardens
3952.07,Brooklyn,Crown Heights
4707.03,Brooklyn,Clinton Hill
4821.03,Brooklyn,Dumbo
3633.08,Brooklyn,NONE
4045.01,Brooklyn,Red Hook
5881.01,Queens County,NONE
3768.02,Brooklyn,Crown Heights
6720.07,Queens County,Sunnyside Gardens
4243.01,Brooklyn,Red Hook
5593.02,Manhattan,Manhattan Community Board 3
8491.07,Manhattan,Fort George
3498.09,Brooklyn,NONE
6398.08,Manhattan,Manhattan Community Board 5
2821.05,Brooklyn,NONE
4677.06,Brooklyn,Cobble Hill
4651.02,Brooklyn,Clinton Hill
4325.03,Brooklyn,Ocean Hill
4179.03,Brooklyn,Ocean Hill
8149.09,The Bronx,High Bridge
5033.01,Manhattan,Whitehall
5114.06,Manhattan,Manhattan Community Board 1
5093.01,Brooklyn,NONE
5626.06,Manhattan,Alphabet City
5805.05,Manhattan,University Village
4231.04,Brooklyn,Prospect Heights
7606.01,Manhattan,Manhattan Community Board 11
4025.02,Brooklyn,NONE
7152.1,Queens County,NONE
4840.06,Brooklyn,NONE
6545.07,Queens County,NONE
5276.04,Brooklyn,NONE
4148.07,Brooklyn,NONE
5300.06,Brooklyn,NONE
2898.01,Brooklyn,Kensington
4237.02,Brooklyn,Bedford-Stuyvesant
4170.08,Brooklyn,Ocean Hill
7344.01,Manhattan,Manhattan Community Board 8
7748.02,Manhattan,East Harlem
4110.1,Brooklyn,Carroll Gardens
7631.23,Manhattan,Manhattan Community Board 10
4596.05,Brooklyn,NONE
5190.09,Manhattan,Manhattan Community Board 3
3839.02,Brooklyn,Crown Heights
5922.04,Manhattan,Manhattan Community Board 2
5520.09,Brooklyn,Greenpoint
7538.14,Manhattan,Bloomingdale
8183.02,The Bronx,High Bridge
3400.04,Brooklyn,NONE
6683.01,Queens County,East Elmhurst
4697.01,Brooklyn,Bedford-Stuyvesant
8218.04,The Bronx,High Bridge
7654.04,The Bronx,Port Morris
3460.02,Brooklyn,NONE
6258.02,Queens County,NONE
8111.07,The Bronx,High Bridge
7443.17,Manhattan,Manhattan Community Board 11
7047.07,Queens County,Steinway
6212.08,Queens County,Hunters Point
5473.06,Brooklyn,NONE
7741.01,Manhattan,Manhattan Community Board 9
4990.02,Brooklyn,NONE
6462.19,Queens County,Court Square
6352.01,Queens County,Court Square
6668.06,Queens County,Jackson Heights
5280.02,Queens County,Middle Village
6260.04,Queens County,Sunnyside
6457.06,Queens County,Corona
5289.05,Queens County,Fresh Pond
5489.03,Brooklyn,NONE
7851.04,Manhattan,NONE
4470.09,Brooklyn,NONE
7726.02,The Bronx,Mott Haven
7180.02,Manhattan,Manhattan Community Board 8
4033.16,Brooklyn,NONE
3368.04,Brooklyn,NONE
8265.09,The Bronx,Tremont
3472.03,Brooklyn,NONE
7910.01,Manhattan,NONE
5004.02,Brooklyn,NONE
7991.01,The Bronx,Morrisania
3914.02,Brooklyn,NONE
4193.14,Brooklyn,Carroll Gardens
4692.01,Brooklyn,NONE
6518.08,Queens County,Jackson Heights
4138.04,Brooklyn,Ocean Hill
4140.03,Brooklyn,Bedford-Stuyvesant
6182.02,Manhattan,Manhattan Community Board 4
6314.02,Queens County,NONE
4668.08,Brooklyn,Brooklyn Navy Yard
5217.03,Queens County,Ridgewood
7057.07,Manhattan,Manhattan Community Board 8
4467.03,Brooklyn,Bedford-Stuyvesant
7175.05,Manhattan,Manhattan Community Board 7
4718.08,Brooklyn,NONE
8632.07,Manhattan,Manhattan Community Board 12
8179.03,The Bronx,High Bridge
7915.11,Manhattan,NONE
7853.01,The Bronx,Bronx County
8041.07,The Bronx,Bronx County
7599.02,Manhattan,Manhattan Community Board 11
8397.02,The Bronx,Tremont
8379.07,The Bronx,Fordham
7755.03,The Bronx,Mott Haven
8601.04,The Bronx,Fordham
6183.03,Queens County,NONE
8281.06,The Bronx,Tremont
8441.05,The Bronx,University Heights
5043.06,Brooklyn,NONE
4947.04,Brooklyn,NONE
3588.01,Brooklyn,Prospect Heights
4906.07,Brooklyn,NONE
5181.04,Manhattan,Lower East Side
8085.09,Manhattan,Manhattan Community Board 12
8130.02,The Bronx,High Bridge
4095.03,Brooklyn,Red Hook
4873.08,Brooklyn,NONE
5140.06,Brooklyn,NONE
3882.05,Brooklyn,NONE
4648.03,Brooklyn,NONE
8510.02,The Bronx,Fordham
4143.04,Brooklyn,Gowanus
4491.09,Brooklyn,NONE
5532.01,Manhattan,Manhattan Community Board 2
8441.01,The Bronx,Tremont
8096.03,The Bronx,High Bridge
4768.02,Brooklyn,NONE
5145.02,Manhattan,Whitehall
7820.05,The Bronx,Hunts Point
8096.02,The Bronx,High Bridge
5010.02,Brooklyn,NONE
8004.03,The Bronx,Bronx County
8009.05,Manhattan,NONE
3771.06,Brooklyn,NONE
4617.01,Brooklyn,NONE
3448.02,Brooklyn,NONE
7940.02,The Bronx,Melrose
4362.04,Brooklyn,NONE
8172.07,Manhattan,Manhattan Community Board 12
8752.01,The Bronx,Bedford Park
4784.02,Brooklyn,NONE
3893.03,Brooklyn,Eastern Parkway
7543.15,Manhattan,Manhattan Community Board 11
3155.01,Brooklyn,NONE
5288.08,Manhattan,Manhattan Community Board 1
6711.13,Queens County,Steinway
6453.02,Queens County,NONE
6349.03,Queens County,Woodside
3981.1,Brooklyn,Red Hook
5687.11,Manhattan,University Village
4258.07,Brooklyn,Gowanus
6806.06,Queens County,NONE
3379.03,Brooklyn,South Slope
8462.09,The Bronx,University Heights
3117.05,Brooklyn,NONE
3166.03,Brooklyn,NONE
6520.07,Queens County,Sunnyside Gardens
8362.09,The Bronx,Tremont
7745.07,Manhattan,Manhattan Community Board 9
4517.03,Brooklyn,NONE
6509.07,Queens County,NONE
7648.16,Manhattan,East Harlem
4450.06,Brooklyn,NONE
5076.04,Brooklyn,NONE
3135.04,Kings County,Windsor Terrace
3911.05,Brooklyn,Eastern Parkway
3192.05,Brooklyn,NONE
5433.03,Brooklyn,Greenpoint
4656.03,Brooklyn,NONE
4446.01,Brooklyn,NONE
4225.14,Brooklyn,Carroll Gardens
6013.12,Manhattan,Gramercy
6441.02,Manhattan,Garment District
4131.03,Brooklyn,NONE
4124.04,Brooklyn,Bedford-Stuyvesant
4196.01,Brooklyn,Bedford-Stuyvesant
8403.02,The Bronx,Tremont
7327.01,Manhattan,Manhattan Community Board 11
5542.04,Brooklyn,Greenpoint
8205.05,The Bronx,Charlotte Gardens
3885.06,Brooklyn,NONE
6840.02,Queens County,East Elmhurst
8550.04,The Bronx,Tremont
8571.02,The Bronx,University Heights
6733.01,Queens County,East Elmhurst
3243.02,Brooklyn,NONE
5034.03,Queens County,Ridgewood
7286.02,Manhattan,Manhattan Community Board 8
8667.01,The Bronx,Bedford Park
3275.03,Brooklyn,NONE
4261.03,Brooklyn,NONE
6234.04,Queens County,Woodside
8428.05,The Bronx,Morris Heights
8020.01,The Bronx,Bronx County
6098.1,Manhattan,Flatiron District
6300.04,Queens County,NONE
5359.11,Manhattan,Manhattan Community Board 1
5335.03,Manhattan,Lower East Side
6072.11,Manhattan,Manhattan Community Board 4
5097.02,Queens,Ridgewood
7935.07,The Bronx,Melrose
4310.06,Brooklyn,Bedford-Stuyvesant
4307.13,Brooklyn,Carroll Gardens
4856.05,Brooklyn,NONE
6417.04,Queens County,Woodside
6276.05,Queens County,Woodside
5616.08,Manhattan,Alphabet City
8795.01,The Bronx,Norwood
7751.05,The Bronx,Port Morris
5473.03,Brooklyn,Greenpoint
4751.01,Brooklyn,NONE
7830.03,The Bronx,Bronx County
7657.03,The Bronx,Mott Haven
6340.09,Queens County,NONE
5168.04,Queens,Ridgewood
6964.05,Queens County,Steinway
7883.09,The Bronx,Hunts Point
6869.1,Queens County,East Elmhurst
3138.09,Brooklyn,NONE
6092.01,Queens County,NONE
6134.13,Queens County,NONE
7137.04,Queens County,Steinway
7798.02,The Bronx,Mott Haven
8435.04,The Bronx,Fordham
8126.07,The Bronx,High Bridge
3972.08,Brooklyn,Red Hook
8799.01,The Bronx,Bronx County
7220.01,Queens County,Steinway
3457.03,Brooklyn,NONE
8327.15,The Bronx,Morris Heights
3779.02,Brooklyn,South Slope
4883.03,Brooklyn,NONE
3850.03,Brooklyn,NONE
7567.06,Manhattan,Manhattan Community Board 11
7952.02,The Bronx,Melrose
8088.01,The Bronx,Morrisania
7931.05,The Bronx,Melrose
4196.05,Brooklyn,Bedford-Stuyvesant
7202.07,Queens County,Steinway
4066.15,Brooklyn,NONE
4432.1,Brooklyn,NONE
4735.03,Brooklyn,NONE
8216.02,The Bronx,Charlotte Gardens
7807.04,The Bronx,Bronx County
4528.01,Brooklyn,Clinton Hill
4591.04,Brooklyn,NONE
5057.07,Queens,Ridgewood
6149.02,Queens County,Woodside
6167.03,Queens County,Sunnyside Gardens
7113.08,Manhattan,Manhattan Community Board 8
7925.04,Manhattan,Manhattanville
5282.02,Brooklyn,NONE
4762.05,Brooklyn,Brooklyn Navy Yard
5481.04,Brooklyn,Greenpoint
6239.08,Manhattan,Manhattan Community Board 6
6659.03,Manhattan,Manhattan Community Board 5
8024.05,The Bronx,Bronx County
4330.09,Brooklyn,Gowanus
3940.04,Brooklyn,Red Hook
5073.07,Manhattan,Whitehall
8049.05,Manhattan,Sugar Hill
3853.02,Brooklyn,NONE
7945.07,The Bronx,Bronx County
7032.06,Queens County,NONE
8210.01,Manhattan,Manhattan Community Board 12
5656.03,Brooklyn,Greenpoint
6873.01,Queens County,Ravenswood
8715.01,Manhattan,Manhattan Community Board 12
3278.07,Brooklyn,NONE
6563.12,Queens County,NONE
7186.15,Queens County,Astoria
5851.01,Brooklyn,NONE
8138.07,Manhattan,Manhattan Community Board 12
7849.1,The Bronx,Bronx County
6101.11,Queens County,NONE
3822.08,Brooklyn,Eastern Parkway
7233.05,Queens County,Steinway
7691.05,The Bronx,Mott Haven
7062.07,Queens County,Astoria
6743.06,Queens County,NONE
7790.04,Manhattan,NONE
7163.07,Queens County,Steinway
3050.03,Kings County,Borough Park
4963.13,Queens County,Ridgewood
7942.21,Manhattan,Hamilton Heights
5636.11,Manhattan,Manhattan Community Board 2
7293.1,Manhattan,Carnegie Hill
6779.04,Manhattan,Manhattan Community Board 5
5065.12,Manhattan,Whitehall
8520.01,The Bronx,University Heights
7026.08,Queens County,Astoria
6814.01,Manhattan,Roosevelt Island
3736.04,Brooklyn,Crown Heights
5539.06,Manhattan,Manhattan Community Board 1
3266.01,Brooklyn,NONE
3950.03,Brooklyn,Eastern Parkway
4263.12,Brooklyn,Prospect Heights
4327.09,Brooklyn,Bedford-Stuyvesant
6966.04,Queens County,Astoria
8175.06,The Bronx,Melrose
4904.03,Queens County,Fresh Pond Junction
8226.07,Manhattan,Manhattan Community Board 12
3814.01,Brooklyn,NONE
5550.09,Brooklyn,Greenpoint
4497.09,Brooklyn,Cobble Hill
5170.01,Brooklyn,NONE
4672.01,Brooklyn,NONE
8064.03,The Bronx,Morrisania
6688.01,Queens County,Ravenswood
6569.08,Manhattan,Manhattan Community Board 4
5247.1,Manhattan,Manhattan Community Board 1
3220.01,Brooklyn,NONE
4513.09,Brooklyn,NONE
7970.05,The Bronx,Morrisania
4137.1,Brooklyn,Red Hook
6450.12,Manhattan,Chelsea District
4298.05,Brooklyn,Cobble Hill
5273.01,Brooklyn,NONE
5721.07,Manhattan,University Village
3515.01,Brooklyn,South Slope
8152.03,The Bronx,Morrisania
6429.01,Queens County,Queensbridge
4074.14,Brooklyn,NONE
7737.06,The Bronx,Bronx County
4962.01,Manhattan,Whitehall
4994.1,Queens,Ridgewood
7962.01,The Bronx,Bronx County
7992.04,Manhattan,NONE
8583.02,Manhattan,Manhattan Community Board 12
4098.06,Brooklyn,Crown Heights
5548.01,Queens County,Maspeth
7769.06,Manhattan,East Harlem
8187.04,Manhattan,Manhattan Community Board 12
3776.05,Brooklyn,NONE
5506.1,Manhattan,East Village
8191.01,Manhattan,Manhattan Community Board 12
3180.09,Brooklyn,NONE
4792.03,Brooklyn,NONE
8194.06,The Bronx,Bronx County
7844.05,The Bronx,Hunts Point
5176.04,Queens County,Ridgewood
7876.07,Manhattan,NONE
7514.01,Manhattan,Manhattan Community Board 11
4798.02,Queens County,Ridgewood
3093.07,Brooklyn,NONE
3463.01,Brooklyn,NONE
6471.02,Queens County,Queensbridge
6401.01,Queens County,Sunnyside Gardens
4700.06,Brooklyn,NONE
6379.03,Manhattan,Beekman
5354.01,Brooklyn,NONE
3925.03,Brooklyn,NONE
6529.02,Queens County,Sunnyside Gardens
6475.07,Queens County,Jackson Heights
4590.01,Manhattan,Nolan Park
4921.04,Queens County,Ridgewood
3300.06,Brooklyn,NONE
6827.11,Queens County,NONE
6626.01,Manhattan,Manhattan Community Board 5
7522.02,Manhattan,Manhattan Community Board 11
4064.03,Brooklyn,Ocean Hill
5883.06,Queens County,Blissville
8115.01,The Bronx,High Bridge
4663.02,Brooklyn,NONE
7060.02,Queens County,Steinway
4707.04,Brooklyn,NONE
3596.04,Brooklyn,South Slope
5099.03,Brooklyn,NONE
6227.02,Queens County,Sunnyside
4237.01,Brooklyn,Bedford-Stuyvesant
6442.08,Queens County,Jackson Heights
3879.04,Brooklyn,NONE
3699.07,Brooklyn,South Slope
5146.03,Queens County,Ridgewood
6131.13,Manhattan,Manhattan Community Board 5
3803.05,Brooklyn,NONE
4640.01,Brooklyn,NONE
5082.08,Brooklyn,NONE
8320.01,Manhattan,Manhattan Community Board 12
8072.06,The Bronx,Melrose
3922.02,Brooklyn,NONE
8206.17,Manhattan,Manhattan Community Board 12
7304.08,Manhattan,Manhattan Community Board 7
4513.06,Brooklyn,NONE
5419.04,Brooklyn,NONE
8290.01,The Bronx,Morris Heights
3256.04,Brooklyn,NONE
8025.01,The Bronx,Bronx County
3728.04,Brooklyn,Crown Heights
7910.1,Manhattan,NONE
8114.02,The Bronx,Charlotte Gardens
7703.14,The Bronx,Port Morris
4077.04,Brooklyn,Carroll Gardens
5644.05,Manhattan,Manhattan Community Board 2
6567.03,Queens County,NONE
7032.02,Queens County,NONE
8366.06,The Bronx,Morris Heights
6234.01,Queens County,Woodside
3460.05,Brooklyn,NONE
4220.02,Brooklyn,NONE
6058.08,Queens County,NONE
8682.06,The Bronx,Bedford Park
6825.03,Queens County,NONE
8100.01,Manhattan,NONE
6596.1,Queens County,Sunnyside Gardens
5270.07,Manhattan,Manhattan Community Board 3
5575.13,Manhattan,East Village
5084.03,Brooklyn,NONE
4953.04,Manhattan,Whitehall
3736.03,Brooklyn,NONE
2961.05,Kings County,Borough Park
4689.08,Brooklyn,Bedford-Stuyvesant
7809.13,Manhattan,East Harlem
3263.01,Brooklyn,NONE
4151.01,Brooklyn,Carroll Gardens
6810.01,Queens County,NONE
3856.03,Brooklyn,Prospect Heights
3303.03,Brooklyn,Kensington
8703.05,The Bronx,Bedford Park
5922.08,Manhattan,Manhattan Community Board 2
6164.09,Manhattan,Manhattan Community Board 6
5128.04,Manhattan,Manhattan Community Board 3
6435.03,Queens County,Sunnyside Gardens
7863.03,The Bronx,Bronx County
4087.01,Brooklyn,Broadway Junction
3585.06,Brooklyn,NONE
7230.1,Manhattan,Manhattan Community Board 7
8547.04,Manhattan,Manhattan Community Board 12
8358.03,Manhattan,Hudson Heights
3620.02,Brooklyn,NONE
7735.23,Manhattan,East Harlem
8456.02,The Bronx,Fordham
7723.01,Manhattan,Manhattan Community Board 10
7488.24,Manhattan,NONE
3306.03,Brooklyn,NONE
7957.11,The Bronx,Bronx County
3943.03,Brooklyn,Eastern Parkway
4719.04,Queens County,Glendale
8012.04,The Bronx,Morrisania
8563.06,Manhattan,Manhattan Community Board 12
7870.02,The Bronx,Melrose
7741.04,Manhattan,Manhattan Community Board 9
5992.02,Queens County,Sunnyside
7872.03,Manhattan,NONE
5510.02,Queens County,Maspeth
8209.01,The Bronx,Bronx County
6660.05,Queens County,East Elmhurst
3871.02,Brooklyn,Eastern Parkway
5579.02,Queens County,Maspeth
4057.04,Brooklyn,Crown Heights
3178.02,Brooklyn,NONE
3512.03,Brooklyn,NONE
8057.02,The Bronx,Bronx County
7816.14,The Bronx,Mott Haven
6729.02,Queens County,NONE
7803.02,The Bronx,Mott Haven
3019.03,Brooklyn,NONE
4023.01,Brooklyn,Ocean Hill
7712.06,The Bronx,Mott Haven
7719.13,The Bronx,Port Morris
7034.09,Queens County,Astoria
8353.09,Manhattan,Manhattan Community Board 12
8190.03,The Bronx,Bronx County
7504.19,Manhattan,Manhattan Community Board 11
4605.04,Brooklyn,NONE
5343.11,Manhattan,Manhattan Community Board 3
8029.28,Manhattan,NONE
3960.01,Brooklyn,Prospect Heights
8018.04,Manhattan,Manhattan Community Board 9
3056.05,Brooklyn,NONE
6865.03,Queens County,Astoria
5115.01,Queens County,Ridgewood
5869.04,Brooklyn,NONE
8715.06,Manhattan,Manhattan Community Board 12
3208.07,Brooklyn,NONE
8353.02,Manhattan,Manhattan Community Board 12
5392.04,Queens County,Middle Village
7687.05,The Bronx,Mott Haven
6254.06,Manhattan,Manhattan Community Board 1
3000.08,Brooklyn,NONE
8153.1,Manhattan,Manhattan Community Board 12
3492.04,Brooklyn,South Slope
5257.01,Queens County,NONE
3161.02,Brooklyn,NONE
8145.03,The Bronx,High Bridge
7170.04,Queens County,Steinway
6025.08,Queens County,Sunnyside
5321.08,Queens County,Middle Village
6076.02,Queens,Sunnyside
4408.07,Brooklyn,NONE
7563.06,Manhattan,East Harlem
6190.03,Manhattan,NONE
4695.04,Brooklyn,NONE
4334.02,Brooklyn,NONE
8650.11,Manhattan,Manhattan Community Board 12
6001.01,Queens County,Blissville
4137.14,Brooklyn,Red Hook
4301.04,Brooklyn,Bedford-Stuyvesant
7881.09,Manhattan,Manhattanville
6656.05,Queens County,Ravenswood
7884.04,The Bronx,Bronx County
3599.01,Brooklyn,NONE
5362.08,Brooklyn,NONE
6486.07,Queens County,Sunnyside Gardens
5160.01,Queens County,Middle Village
3172.01,Brooklyn,NONE
7945.03,The Bronx,Bronx County
5167.06,Manhattan,Manhattan Community Board 3
4339.01,Brooklyn,Cobble Hill
3934.06,Brooklyn,Eastern Parkway
6771.13,Manhattan,Manhattan Community Board 5
6257.03,Manhattan,Manhattan Community Board 4
5659.11,Manhattan,Alphabet City
6682.08,Manhattan,Roosevelt Island
5351.07,Manhattan,Five Points
3593.01,Brooklyn,Crown Heights
7927.08,The Bronx,Bronx County
6390.05,Queens County,NONE
6627.12,Queens County,NONE
8665.02,Manhattan,Manhattan Community Board 12
4582.08,Brooklyn,NONE
8233.01,The Bronx,High Bridge
2971.02,Brooklyn,NONE
5115.05,Queens County,Ridgewood
8532.03,Manhattan,Manhattan Community Board 12
3214.04,Brooklyn,NONE
6151.03,Queens County,NONE
4560.01,Brooklyn,NONE
6662.01,Queens County,NONE
8579.09,Manhattan,Manhattan Community Board 12
6907.03,Queens County,Sunnyside Gardens
2861.02,Brooklyn,NONE
6170.02,Queens County,Hunters Point
3742.11,Brooklyn,NONE
4202.04,Brooklyn,Red Hook
6502.01,Queens County,Woodside
8631.03,The Bronx,Bedford Park
4181.1,Brooklyn,NONE
8065.13,Manhattan,NONE
8407.03,The Bronx,Morris Heights
7066.01,Queens County,Steinway
3991.04,Brooklyn,Eastern Parkway
4727.06,Queens County,Ridgewood
3625.04,Brooklyn,NONE
7987.14,The Bronx,Bronx County
8732.04,Manhattan,Manhattan Community Board 12
8077.07,The Bronx,High Bridge
4366.01,Brooklyn,NONE
3439.03,Brooklyn,NONE
4434.06,Brooklyn,Bedford-Stuyvesant
6143.01,Queens County,Sunnyside
6748.04,Queens County,Jackson Heights
8582.02,The Bronx,Bedford Park
6660.07,Queens County,East Elmhurst
8196.02,The Bronx,Charlotte Gardens
6804.01,Queens County,NONE
6423.03,Queens County,Corona
4086.06,Brooklyn,Red Hook
8511.08,Manhattan,Fort George
8795.03,The Bronx,Norwood
8000.02,The Bronx,Melrose
6524.01,Queens County,Corona
8734.04,The Bronx,Bedford Park
7940.04,The Bronx,Melrose
5772.05,Manhattan,Manhattan Community Board 2
6514.08,Queens County,Queensbridge
4816.02,Brooklyn,NONE
8182.02,The Bronx,Charlotte Gardens
4735.16,Brooklyn,NONE
8636.04,Manhattan,Manhattan Community Board 12
6426.05,Queens County,Woodside
7983.02,The Bronx,Bronx County
6176.11,Queens County,Sunnyside Gardens
7922.01,The Bronx,Bronx County
3230.01,Brooklyn,Kensington
6218.04,Queens County,Sunnyside Gardens
8129.02,The Bronx,Charlotte Gardens
7098.05,Queens County,Astoria
3132.09,Brooklyn,NONE
6949.04,Queens County,NONE
3782.03,Brooklyn,Crown Heights
8535.09,The Bronx,University Heights
7868.05,The Bronx,Mott Haven
7867.04,The Bronx,Bronx County
8104.1,Manhattan,Manhattan Community Board 12
3608.06,Brooklyn,Crown Heights
5779.09,Manhattan,Alphabet City
3934.07,Brooklyn,Eastern Parkway
6283.05,Queens County,Sunnyside Gardens
3034.02,Brooklyn,Kensington
8119.05,Manhattan,Manhattan Community Board 12
6520.06,Queens County,Sunnyside Gardens
5956.05,Queens County,NONE
4600.09,Brooklyn,NONE
4507.07,Brooklyn,NONE
6499.06,Queens County,Corona
4293.05,Brooklyn,Ocean Hill
8546.06,The Bronx,Fordham
